parent,children
W1,W2
W2,"W3,W4,W5,W6"
W4,W7
W6,"W8,W9"
W9,W10
W10,"W11,W12,W13,W14,W15"
W13,W16
W16,"W17,W18"
W17,"W20,W21"
W18,W19
W20,W22
W22,"W23,W24,W25,W26,W27,W28,W29"
W25,W30
W30,W31
W31,"W32,W33,W34,W35"
W32,W36
W36,"W37,W38"
W38,W39
W39,"W40,W41"
W40,"W42,W44,W46"
W41,"W43,W45"
W44,W48
W46,W47
W48,"W49,W50"
W49,W51
W51,"W52,W53,W54,W55,W56,W57"
W53,W58
W54,W60
W56,W59
W58,"W62,W64"
W59,W63
W60,W61
W64,W65
W65,"W66,W67"
W66,"W68,W69"
W67,W70
W68,"W73,W74,W76"
W69,"W71,W75"
W70,W72
W73,W79
W74,W78
W75,W77
W78,W81
W79,"W80,W82"
